City_ID,City,Lat,Lng,Max Temp,Humidity,Cloudiness,Wind Speed,Country,Date
0,yellowknife,62.456,-114.3525,-3.659999999999968,75,100,5.14,CA,1698612235
1,margate,51.3813,1.3862,11.840000000000032,88,83,1.79,GB,1698612407
2,san pedro pochutla,15.7333,-96.4667,29.689999999999998,64,31,2.97,MX,1698612407
3,adamstown,-25.066,-130.1015,22.340000000000032,84,98,6.56,PN,1698612407
4,puerto ayora,-0.7393,-90.3518,29.980000000000018,87,41,3.58,EC,1698612408
5,hisar,29.1667,75.7167,23.189999999999998,33,1,2.52,IN,1698612408
6,san luis de la loma,17.2706,-100.8939,29.05000000000001,77,31,3.56,MX,1698612408
7,hermanus,-34.4187,19.2345,13.57000000000005,64,0,11.54,ZA,1698612408
8,grytviken,-54.2811,-36.5092,4.78000000000003,94,100,2.83,GS,1698612408
9,wailua homesteads,22.0669,-159.378,27.439999999999998,71,75,2.57,US,1698612408
10,edinburgh of the seven seas,-37.0676,-12.3116,11.110000000000014,64,88,12.31,SH,1698612409
11,arteche,12.2645,125.4048,25.970000000000027,89,100,4.11,PH,1698612409
12,okhotsk,59.3833,143.3,-6.71999999999997,78,27,3.83,RU,1698612409
13,tofol,5.3248,163.0078,27.960000000000036,78,93,6.61,FM,1698612409
14,selfoss,63.9331,-20.9971,0.5800000000000409,70,71,2.81,IS,1698612409
15,blackmans bay,-43.0167,147.3167,14.07000000000005,61,93,0.45,AU,1698612409
16,bayanhongor,46.7167,100.1167,-1.9599999999999795,95,100,2.72,MN,1698612410
17,udachny,66.4167,112.4,-22.309999999999974,98,74,1.46,RU,1698612410
18,afaahiti,-17.75,-149.2833,26.930000000000007,82,34,6.8,PF,1698612410
19,georgetown,5.4112,100.3354,25.010000000000048,97,20,0.51,MY,1698612148
20,luanda,-8.8368,13.2343,26.0,83,75,3.6,AO,1698612318
21,puerto natales,-51.7236,-72.4875,8.25,46,75,10.29,CL,1698612410
22,saipan,15.1355,145.701,27.390000000000043,89,0,2.57,MP,1698612411
23,carnarvon,-24.8667,113.6333,18.80000000000001,78,0,11.37,AU,1698612411
24,karratha,-20.7377,116.8463,26.49000000000001,69,99,2.98,AU,1698612411
25,yanjiang,30.1211,104.6481,16.939999999999998,79,47,2.09,CN,1698612411
26,esil,51.9556,66.4042,7.340000000000032,97,91,4.67,KZ,1698612411
27,thompson,55.7435,-97.8558,-2.909999999999968,63,75,5.14,CA,1698612139
28,queenstown,-31.8976,26.8753,4.720000000000027,79,14,6.85,ZA,1698612317
29,paita,-5.0892,-81.1144,22.32000000000005,75,100,7.67,PE,1698612412
30,xinyi,22.373,110.9475,21.58000000000004,97,100,1.46,CN,1698612412
31,albany,42.6001,-73.9662,6.960000000000036,92,100,1.61,US,1698612208
32,tsiombe,-25.3,45.4833,22.560000000000002,82,0,2.01,MG,1698612412
33,tumsar,21.3833,79.7333,17.75,62,4,1.68,IN,1698612412
34,longyearbyen,78.2186,15.6401,-5.089999999999975,86,75,3.09,SJ,1698612413
35,miramar beach,30.3744,-86.3586,30.360000000000014,73,0,4.12,US,1698612413
36,yur'yevets,57.3201,43.1041,-0.9799999999999613,90,100,6.52,RU,1698612413
37,bredasdorp,-34.5322,20.0403,13.480000000000018,60,0,9.25,ZA,1698612413
38,port mathurin,-19.6833,63.4167,24.590000000000032,79,11,6.86,MU,1698612413
39,solnechnyy,50.7214,136.6319,0.57000000000005,72,71,1.7,RU,1698612413
40,anadyr,64.75,177.4833,-1.7199999999999704,92,75,7.0,RU,1698612414
41,denizli,37.8402,29.0698,19.24000000000001,62,99,1.13,TR,1698612414
42,tazacorte,28.629,-17.9293,22.54000000000002,84,20,2.57,ES,1698612414
43,hawaiian paradise park,19.5933,-154.9731,28.730000000000018,71,20,2.57,US,1698612409
44,atafu village,-8.5421,-172.5159,29.08000000000004,70,96,4.72,TK,1698612414
45,east ballina,-28.8667,153.5833,17.82000000000005,70,1,3.01,AU,1698612415
46,boma,7.0805,-2.1697,24.5,80,3,0.73,GH,1698612415
47,sao jose da coroa grande,-8.8978,-35.1478,24.590000000000032,75,100,4.37,BR,1698612415
48,bethel,41.3712,-73.414,10.050000000000011,87,100,3.6,US,1698612415
49,taoudenni,22.6783,-3.9836,32.89000000000004,10,0,3.26,ML,1698612415
50,iqaluit,63.7506,-68.5145,-7.149999999999977,63,75,4.63,CA,1698612410
51,mount isa,-20.7333,139.5,19.870000000000005,77,97,0.0,AU,1698612416
52,kalabo,-14.97,22.6814,22.560000000000002,64,27,3.41,ZM,1698612416
53,hoshiarpur,31.5322,75.9172,18.980000000000018,50,35,2.32,IN,1698612416
54,kerikeri,-35.2268,173.9474,17.730000000000018,96,100,2.24,NZ,1698612416
55,shetpe,44.1667,52.1167,13.970000000000027,62,88,3.23,KZ,1698612417
56,west island,-12.1568,96.8225,25.99000000000001,83,100,6.17,CC,1698612417
57,tiksi,71.6872,128.8694,-15.489999999999952,99,92,2.88,RU,1698612417
58,puerto santa,-8.9906,-78.6456,20.129999999999995,84,100,4.44,PE,1698612417
59,pitimbu,-7.4706,-34.8086,27.33000000000004,73,98,6.76,BR,1698612418
60,kaiyuan,23.6977,103.3037,13.870000000000005,95,53,1.29,CN,1698612418
61,polyarnyy,69.1989,33.4478,-6.489999999999952,92,100,2.12,RU,1698612418
62,san antonio de pale,-1.4014,5.6325,26.57000000000005,82,5,4.11,GQ,1698612418
63,waitangi,-43.9535,-176.5597,12.680000000000007,72,4,0.89,NZ,1698612418
64,dzhambeyty,50.2536,52.595,6.810000000000002,73,100,9.23,KZ,1698612419
65,port-vila,-17.7338,168.3219,23.78000000000003,88,40,1.54,VU,1698612419
66,college,64.8569,-147.8028,2.1100000000000136,72,75,2.06,US,1698612419
67,lepsy,46.235,78.9456,12.090000000000032,88,100,2.23,KZ,1698612419
68,horsham,51.064,-0.3272,13.020000000000039,84,40,2.57,GB,1698612419
69,st. john's,47.5649,-52.7093,7.210000000000036,69,75,10.29,CA,1698612419
70,toliara,-23.35,43.6667,23.04000000000002,76,0,2.79,MG,1698612420
71,gadzhiyevo,69.2551,33.3362,-6.810000000000002,92,100,2.25,RU,1698612420
72,sao joao evangelista,-18.5478,-42.7633,25.140000000000043,69,91,2.0,BR,1698612420
73,da nang,16.0678,108.2208,25.99000000000001,94,75,0.51,VN,1698612420
74,oranjemund,-28.55,16.4333,19.610000000000014,38,0,5.55,NA,1698612420
75,den burg,53.0542,4.7972,12.990000000000009,75,20,10.8,NL,1698612421
76,ushuaia,-54.8,-68.3,1.8100000000000023,93,100,11.18,AR,1698612172
77,la'ie,21.6477,-157.9253,29.140000000000043,71,3,3.13,US,1698612421
78,juigne,47.7188,-0.3941,12.730000000000018,87,40,2.57,FR,1698612421
79,kimbe,-5.5502,150.1429,25.310000000000002,88,100,1.38,PG,1698612421
80,rawson,-43.3002,-65.1023,11.700000000000045,47,92,2.82,AR,1698612421
81,margaret river,-33.95,115.0667,12.54000000000002,63,86,5.29,AU,1698612422
82,savoy,45.5,6.4167,9.170000000000016,46,100,3.17,FR,1698612422
83,susuman,62.7833,148.1667,-17.789999999999964,99,96,0.45,RU,1698612422
84,keflavik,64.0049,-22.5624,4.240000000000009,75,0,2.06,IS,1698612422
85,ulanhot,46.0833,122.0833,4.32000000000005,37,20,3.82,CN,1698612423
86,sao tome,0.3365,6.7273,26.710000000000036,85,20,2.01,ST,1698612423
87,jamestown,42.097,-79.2353,8.900000000000034,95,100,4.12,US,1698612218
88,masterton,-40.9597,175.6575,15.490000000000009,59,97,5.06,NZ,1698612423
89,port-aux-francais,-49.35,70.2167,1.5900000000000318,81,100,11.91,TF,1698612409
90,halifax,44.6453,-63.5724,10.260000000000048,64,100,6.17,CA,1698612152
91,motueka,-41.1333,173.0167,15.610000000000014,47,100,1.27,NZ,1698612424
92,daru,-9.0763,143.2092,25.30000000000001,88,100,7.75,PG,1698612424
93,invercargill,-46.4,168.35,12.79000000000002,75,11,1.34,NZ,1698612425
94,kismayo,-0.3582,42.5454,26.720000000000027,80,43,4.94,SO,1698612425
95,lerwick,60.1545,-1.1494,8.0,67,14,13.07,GB,1698612211
96,sumusta as sultani,28.9167,30.85,25.450000000000045,61,6,7.4,EG,1698612425
97,kibre mengist,5.8833,38.9833,14.640000000000043,98,88,0.4,ET,1698612425
98,novodvinsk,64.4165,40.8122,-4.560000000000002,81,28,1.66,RU,1698612425
99,arraial do cabo,-22.9661,-42.0278,27.980000000000018,74,0,5.14,BR,1698612426
100,avarua,-21.2078,-159.775,25.03000000000003,65,20,4.63,CK,1698612426
101,kapuskasing,49.4169,-82.4331,1.0,69,75,4.63,CA,1698612140
102,korla,41.7597,86.1469,10.340000000000032,42,77,0.94,CN,1698612426
103,bayanaul,50.7889,75.6956,1.8100000000000023,100,100,1.82,KZ,1698612426
104,mendi,-6.1761,143.6513,13.210000000000036,95,79,1.04,PG,1698612427
105,cabo san lucas,22.8909,-109.9124,30.900000000000034,68,0,4.23,MX,1698612427
106,punta arenas,-53.15,-70.9167,9.060000000000002,49,20,8.75,CL,1698612410
107,rosarito,32.3333,-117.0333,29.120000000000005,20,0,6.58,MX,1698612306
108,qaqortoq,60.7167,-46.0333,3.7700000000000387,66,100,3.79,GL,1698612416
109,castillos,-34.1667,-53.8333,18.810000000000002,82,19,3.07,UY,1698612428
110,mejit,10.2753,170.8646,28.210000000000036,81,76,9.5,MH,1698612423
111,tres arroyos,-38.3739,-60.2798,15.600000000000023,33,42,8.42,AR,1698612428
112,vilyuchinsk,52.9306,158.4028,3.8500000000000227,79,90,2.13,RU,1698612428
113,la ronge,55.1001,-105.2842,-0.8599999999999568,64,75,7.2,CA,1698612428
114,ust'-ilimsk,58.0006,102.6619,-6.419999999999959,68,67,3.13,RU,1698612429
115,shangzhi,45.2167,127.9667,7.720000000000027,66,12,2.96,CN,1698612429
116,papatowai,-46.5619,169.4708,12.5,54,11,1.91,NZ,1698612429
117,grand falls-windsor,48.9332,-55.6649,4.170000000000016,64,14,0.45,CA,1698612429
118,tubarjal,30.4999,38.216,18.370000000000005,73,100,5.77,SA,1698612429
119,enewetak,11.3474,162.3373,28.860000000000014,76,55,8.67,MH,1698612430
120,nantucket,41.2835,-70.0995,12.060000000000002,77,100,6.17,US,1698612430
121,kingston,17.997,-76.7936,31.25,71,20,4.63,JM,1698612125
122,ranchettes,41.2186,-104.7903,-4.089999999999975,56,100,6.17,US,1698612430
123,vadso,70.0744,29.7487,-5.909999999999968,86,75,3.6,NO,1698612430
124,tromso,69.6496,18.957,-3.9899999999999523,86,40,2.57,NO,1698612360
125,lormi,22.2833,81.7333,18.03000000000003,63,3,1.82,IN,1698612431
126,minas de marcona,-15.2119,-75.1103,19.460000000000036,63,44,7.52,PE,1698612431
127,san antonio oeste,-40.7319,-64.9477,17.0,26,90,13.49,AR,1698612152
128,inderbor,48.55,51.7833,10.390000000000043,65,62,8.14,KZ,1698612432
129,sur,22.5667,59.5289,27.010000000000048,66,78,3.44,OM,1698612432
130,badr hunayn,23.7829,38.7905,27.879999999999995,59,0,1.65,SA,1698612432
131,mont-dore,-22.2833,166.5833,23.890000000000043,99,10,3.82,NC,1698612432
132,codrington,-38.2667,141.9667,11.980000000000018,79,9,7.14,AU,1698612433
133,kristiansund,63.1115,7.732,2.3600000000000136,75,0,3.09,NO,1698612433
134,wanning,18.8003,110.3967,25.29000000000002,88,100,4.69,CN,1698612433
135,labasa,-16.4167,179.3833,29.439999999999998,65,36,2.15,FJ,1698612433
136,labrador city,52.9463,-66.9114,-3.0499999999999545,93,75,4.63,CA,1698612434
137,arenapolis,-14.4503,-56.8461,34.710000000000036,35,85,2.15,BR,1698612434
138,olonkinbyen,70.9221,-8.7187,0.35000000000002274,69,100,1.62,SJ,1698612429
139,berdigestyakh,62.0989,126.6992,-22.599999999999966,100,74,0.98,RU,1698612417
140,orangeburg,33.4918,-80.8557,29.160000000000025,53,0,4.63,US,1698612434
141,ust-nera,64.5667,143.2,-18.059999999999974,97,60,0.8,RU,1698612425
142,bonthe,7.5264,-12.505,25.58000000000004,87,20,2.67,SL,1698612435
143,oppdal,62.5943,9.6912,-6.6200000000000045,89,7,1.89,NO,1698612435
144,cill airne,52.05,-9.5167,8.450000000000045,91,91,1.45,IE,1698612436
145,kulunda,52.566,78.9385,-0.9599999999999795,92,100,2.02,RU,1698612436
146,yambio,4.5721,28.3955,21.110000000000014,92,89,0.9,SS,1698612436
147,uturoa,-16.7333,-151.4333,26.140000000000043,79,15,6.26,PF,1698612436
148,tralee,52.2704,-9.7026,8.580000000000041,90,94,1.78,IE,1698612369
149,port lincoln,-34.7333,135.8667,13.680000000000007,82,5,5.9,AU,1698612437
150,la gi,10.6667,107.7833,25.439999999999998,91,43,3.57,VN,1698612437
151,port alfred,-33.5906,26.891,14.54000000000002,74,93,2.68,ZA,1698612437
152,kodiak,57.79,-152.4072,7.730000000000018,100,100,4.12,US,1698612437
153,sisimiut,66.9395,-53.6735,-3.599999999999966,72,100,5.11,GL,1698612437
154,iskateley,67.6803,53.1512,-8.879999999999995,86,100,5.81,RU,1698612423
155,kuta,-8.7233,115.1723,25.970000000000027,94,20,0.51,ID,1698612438
156,al ghayzah,16.2079,52.176,25.560000000000002,74,82,2.85,YE,1698612438
157,ribeira grande,38.5167,-28.7,16.220000000000027,67,75,2.68,PT,1698612433
158,edson,53.5835,-116.4356,3.080000000000041,41,0,2.06,CA,1698612438
159,yeppoon,-23.1333,150.7333,16.879999999999995,61,79,2.17,AU,1698612439
160,beaufort west,-32.3567,22.583,8.379999999999995,68,11,11.18,ZA,1698612440
161,kalmunai,7.4167,81.8167,25.390000000000043,82,100,2.21,LK,1698612440
162,bubaque,11.2833,-15.8333,28.360000000000014,75,13,3.98,GW,1698612440
163,nizhneudinsk,54.9076,99.0276,-8.479999999999961,60,14,1.3,RU,1698612441
164,vila franca do campo,37.7167,-25.4333,15.230000000000018,99,49,3.13,PT,1698612441
165,isafjordur,66.0755,-23.124,1.150000000000034,79,30,1.56,IS,1698612420
166,al bahah,20.0129,41.4677,12.680000000000007,64,35,0.72,SA,1698612441
167,road town,18.4167,-64.6167,28.05000000000001,83,75,2.57,VG,1698612441
168,pandan,14.0453,124.1694,27.180000000000007,80,84,5.63,PH,1698612442
169,plesetsk,62.708,40.2916,-4.739999999999952,90,100,2.02,RU,1698612442
170,pathein,16.7833,94.7333,23.810000000000002,94,64,1.96,MM,1698612442
171,revda,56.801,59.9303,-3.4399999999999977,95,100,4.97,RU,1698612442
172,yuanping,38.7153,112.7575,11.0,37,0,0.83,CN,1698612442
173,kasongo,-4.45,26.6667,20.430000000000007,94,99,1.49,CD,1698612443
174,varadero,23.1536,-81.2514,28.420000000000016,75,22,8.24,CU,1698612443
175,conceicao do araguaia,-8.2578,-49.2647,35.52000000000004,23,45,1.92,BR,1698612443
176,callao,-12.0667,-77.15,22.160000000000025,68,40,7.72,PE,1698612436
177,belmonte,-15.8631,-38.8828,24.970000000000027,73,30,4.66,BR,1698612424
178,tazovsky,67.4667,78.7,-15.989999999999952,94,13,1.28,RU,1698612443
179,thinadhoo,0.5333,72.9333,27.360000000000014,78,99,6.88,MV,1698612444
180,san julian,21.0167,-102.1667,26.25,30,17,1.92,MX,1698612444
181,borcea,44.3333,27.75,16.610000000000014,45,0,2.82,RO,1698612444
182,nar'yan-mar,67.6713,53.087,-8.829999999999984,86,100,5.81,RU,1698612445
183,ta`u,-14.2336,-169.5144,26.840000000000032,81,43,6.09,AS,1698612445
184,prince rupert,54.3161,-130.3201,6.050000000000011,77,0,1.54,CA,1698612313
185,gao,16.6362,1.637,30.80000000000001,11,3,3.76,ML,1698612445
186,rio grande,-32.035,-52.0986,26.060000000000002,90,72,4.02,BR,1698612395
187,lensk,60.7253,114.9278,-6.159999999999968,63,99,3.37,RU,1698612446
188,santana do livramento,-30.8908,-55.5328,25.900000000000034,73,0,1.95,BR,1698612446
189,port elizabeth,-33.918,25.5701,14.620000000000005,69,40,6.69,ZA,1698612446
190,gdov,58.7406,27.8122,1.7900000000000205,86,100,5.18,RU,1698612446
191,whakatane,-37.9585,176.9854,12.650000000000034,90,100,6.79,NZ,1698612446
192,tura,25.5198,90.2201,19.120000000000005,92,12,1.76,IN,1698612430
193,mazaricos,42.9403,-8.9719,10.470000000000027,92,100,4.1,ES,1698612447
194,ulaangom,49.9811,92.0667,-3.589999999999975,73,81,1.94,MN,1698612447
195,vorgashor,67.5833,63.95,-16.899999999999977,96,24,2.52,RU,1698612436
196,cidreira,-30.1811,-50.2056,21.340000000000032,88,76,3.09,BR,1698612426
197,ayame,5.6083,-3.1563,23.960000000000036,95,48,1.21,CI,1698612447
198,vorkuta,67.5,64.0,-17.43999999999997,97,25,2.14,RU,1698612448
199,yangchun,22.1667,111.7833,21.980000000000018,96,100,1.84,CN,1698612448
200,mugia,43.1041,-9.2179,12.870000000000005,73,100,8.68,ES,1698612448
201,ola,59.5833,151.2833,-2.1999999999999886,68,16,2.16,RU,1698612448
202,kyren,51.6828,102.1408,-4.46999999999997,59,100,0.45,RU,1698612449
203,cova figueira,14.8905,-24.2934,23.140000000000043,74,68,4.27,CV,1698612449
204,utrik,11.2278,169.8474,28.28000000000003,81,35,8.38,MH,1698612449
205,malyye derbety,47.9547,44.6808,11.520000000000039,70,99,4.32,RU,1698612449
206,qamdo,31.1667,97.2333,-3.0,37,100,1.19,CN,1698612450
207,geraldton,-28.7667,114.6,14.230000000000018,88,41,5.14,AU,1698612450
208,inhambane,-23.865,35.3833,21.28000000000003,75,100,9.21,MZ,1698612450
209,nemuro,43.3236,145.575,9.5,71,21,4.4,JP,1698612450
210,pasni,25.2631,63.471,26.220000000000027,78,2,3.8,PK,1698612450
211,turinsk,58.0458,63.696,-4.489999999999952,92,100,6.35,RU,1698612214
212,ambon,-3.6954,128.1814,24.08000000000004,94,20,3.6,ID,1698612451
213,port said,31.2565,32.2841,25.99000000000001,78,20,5.66,EG,1698612451
214,hamilton,39.1834,-84.5333,14.350000000000023,94,100,2.06,US,1698612354
215,arvayheer,46.2639,102.775,0.30000000000001137,62,100,4.39,MN,1698612451
216,cihanbeyli,38.6607,32.9244,17.980000000000018,43,93,2.6,TR,1698612451
217,sihora,23.4833,80.1167,17.510000000000048,53,0,1.3,IN,1698612452
218,sarkand,45.41,79.9186,11.330000000000041,85,100,1.42,KZ,1698612452
219,kolonia town,6.964,158.206,25.0,100,100,2.06,FM,1698612452
220,ghanzi,-21.5667,21.7833,26.02000000000004,18,3,4.31,BW,1698612452
221,ikalamavony,-21.15,46.5833,23.27000000000004,58,35,0.98,MG,1698612452
222,campbellton,48.0075,-66.6727,3.25,59,59,3.84,CA,1698612453
223,ilulissat,69.2167,-51.1,-1.9899999999999523,64,75,2.06,GL,1698612427
224,vilyuysk,63.7553,121.6247,-14.439999999999998,97,51,2.24,RU,1698612453
225,acapulco de juarez,16.8634,-99.8901,29.230000000000018,75,73,4.37,MX,1698612453
226,igarka,67.4667,86.5833,-16.819999999999993,97,34,0.7,RU,1698612449
227,yuzhno-kurilsk,44.0306,145.8556,7.990000000000009,76,5,2.58,RU,1698612422
228,arak,34.0917,49.6892,13.189999999999998,27,80,0.54,IR,1698612454
229,happy valley-goose bay,53.3168,-60.3315,1.170000000000016,51,75,9.77,CA,1698612454
230,buala,-8.145,159.5921,27.78000000000003,80,65,2.5,SB,1698612454
231,flin flon,54.7682,-101.865,-1.089999999999975,69,100,4.12,CA,1698612234
232,smithers,54.7804,-127.1743,-1.8199999999999932,69,75,2.06,CA,1698612171
233,cheadle,52.9833,-1.9833,10.510000000000048,6,92,4.97,GB,1698612454
234,kwang binh,17.4833,106.6,25.75,85,100,3.02,VN,1698612455
235,bembereke,10.2283,2.6634,28.75,42,99,1.12,BJ,1698612455
236,mont-laurier,46.5501,-75.4993,4.7900000000000205,50,98,0.31,CA,1698612289
237,portlethen,57.0547,-2.1307,7.8700000000000045,89,75,3.09,GB,1698612455
238,kivsharivka,49.6213,37.7036,6.920000000000016,83,11,2.06,UA,1698612455
239,seven pagodas,12.6264,80.1722,25.03000000000003,74,50,3.97,IN,1698612456
240,constantia,44.1833,28.65,13.379999999999995,64,0,3.44,RO,1698612456
241,lihue,21.9789,-159.3672,27.77000000000004,70,75,2.57,US,1698612443
242,haiku-pauwela,20.9219,-156.3051,28.010000000000048,61,20,7.72,US,1698612456
243,kochubey,44.3861,46.5825,17.230000000000018,41,100,2.08,RU,1698612456
244,marka,1.7159,44.7717,26.55000000000001,81,96,3.58,SO,1698612291
245,kailua-kona,19.6406,-155.9956,29.220000000000027,75,20,3.6,US,1698612163
246,acarau,-2.8856,-40.12,27.07000000000005,69,34,8.0,BR,1698612242
247,coxen hole,16.3244,-86.5366,28.600000000000023,84,40,2.57,HN,1698612457
248,lagoa,39.05,-27.9833,16.460000000000036,65,100,3.45,PT,1698612457
249,green river,41.5286,-109.4662,1.2200000000000273,42,93,0.45,US,1698612457
250,salekhard,66.53,66.6019,-14.449999999999989,99,96,1.41,RU,1698612458
251,prestwick,55.4833,-4.6167,9.990000000000009,87,40,6.17,GB,1698612458
252,viedma,-40.8135,-62.9967,19.879999999999995,11,100,10.8,AR,1698612458
253,nyborg,55.3127,10.7896,11.390000000000043,87,98,6.79,DK,1698612458
254,luderitz,-26.6481,15.1594,21.54000000000002,34,0,5.67,NA,1698612430
255,posto fiscal rolim de moura,-13.0833,-62.2667,31.05000000000001,54,69,2.97,BR,1698612459
256,woolgoolga,-30.1106,153.2007,18.930000000000007,73,2,3.32,AU,1698612459
257,kayangel,8.0823,134.7173,27.99000000000001,76,28,3.51,PW,1698612443
258,san patricio,28.017,-97.5169,32.32000000000005,56,64,5.77,US,1698612459
259,chulucanas,-5.0925,-80.1625,29.07000000000005,49,100,1.81,PE,1698612311
260,aguas vermelhas,-15.7472,-41.46,27.33000000000004,38,25,2.73,BR,1698612284
261,east london,-33.0153,27.9116,14.400000000000034,67,95,5.72,ZA,1698612239
262,akrehamn,59.2667,5.1833,8.890000000000043,53,75,3.6,NO,1698612460
263,kruisfontein,-34.0033,24.7314,12.010000000000048,63,58,3.12,ZA,1698612460
264,jos,9.9167,8.9,22.03000000000003,39,64,1.57,NG,1698612460
265,aykhal,66.0,111.5,-25.869999999999976,100,41,2.18,RU,1698612421
266,kununurra,-15.7667,128.7333,21.99000000000001,88,61,0.0,AU,1698612461
267,augusto correa,-1.0217,-46.635,27.260000000000048,74,36,3.89,BR,1698612461
268,mahina,-17.5065,-149.489,27.870000000000005,74,40,4.63,PF,1698612461
269,saint croix,17.7397,-64.7388,30.25,85,0,3.09,VI,1698612432
270,touros,-5.1989,-35.4608,25.439999999999998,77,77,8.0,BR,1698612450
271,dudinka,69.4058,86.1778,-16.849999999999966,98,65,1.79,RU,1698612412
272,hadibu,12.65,54.0333,26.150000000000034,75,43,3.47,YE,1698612432
273,lebu,-37.6167,-73.65,10.400000000000034,58,70,6.15,CL,1698612457
274,opuwo,-18.0607,13.84,24.32000000000005,15,25,2.9,NA,1698612462
275,fortuna,40.5982,-124.1573,22.180000000000007,39,0,2.06,US,1698612433
276,qaisumah,28.3112,46.1273,22.980000000000018,31,0,1.54,SA,1698612463
277,palikir - national government center,6.9248,158.1611,24.410000000000025,100,100,2.06,FM,1698612463
278,piti village,13.4626,144.6933,28.03000000000003,90,0,2.06,GU,1698612463
279,puerto penasco,31.3167,-113.5333,26.620000000000005,11,0,5.36,MX,1698612463
280,salahonda,2.1019,-78.7217,26.370000000000005,84,100,4.09,CO,1698612463
281,naze,28.3667,129.4833,18.510000000000048,73,16,2.7,JP,1698612457
282,stanley,54.868,-1.6985,8.770000000000039,95,75,3.09,GB,1698612430
283,santa cruz,-17.8,-63.1667,31.03000000000003,58,40,12.35,BO,1698612300
284,prineville,44.2999,-120.8345,11.170000000000016,39,0,0.0,US,1698612464
285,hammerfest,70.6634,23.6821,-2.75,80,40,1.54,NO,1698612425
286,ironwood,46.4547,-90.171,1.0100000000000477,51,75,5.66,US,1698612225
287,maragogi,-9.0122,-35.2225,24.5,76,100,4.24,BR,1698612464
288,palangkaraya,-2.2,113.8333,24.82000000000005,80,79,1.17,ID,1698612465
289,birigui,-21.2886,-50.34,30.5,53,97,7.19,BR,1698612465
290,tindouf,27.6711,-8.1474,26.25,21,20,2.57,DZ,1698612465
291,pavlovsk,50.4578,40.1081,7.740000000000009,83,25,3.83,RU,1698612465
292,zaragoza,41.6561,-0.8773,20.25,43,20,3.6,ES,1698612166
293,agat village,13.3886,144.6585,28.060000000000002,90,0,2.06,GU,1698612257
294,handan,36.6006,114.4678,16.400000000000034,44,1,1.91,CN,1698612466
295,kili,5.6439,169.1211,28.220000000000027,76,33,4.74,MH,1698612466
296,arkhangel'sk,64.5401,40.5433,-4.3700000000000045,81,30,1.73,RU,1698612423
297,boguchany,58.3814,97.4531,-7.859999999999957,79,15,1.34,RU,1698612467
298,houyu,26.0614,119.5358,19.99000000000001,68,0,2.0,CN,1698612467
299,raton,36.9034,-104.4391,-2.659999999999968,69,100,8.75,US,1698612467
300,turkmenbasy,40.0222,52.9552,16.430000000000007,88,75,5.14,TM,1698612467
301,maintirano,-18.0667,44.0167,25.890000000000043,80,1,3.31,MG,1698612468
302,general pico,-35.6566,-63.7568,23.05000000000001,35,5,4.35,AR,1698612468
303,richards bay,-28.783,32.0377,16.78000000000003,55,100,7.2,ZA,1698612428
304,tarko-sale,64.9225,77.785,-12.779999999999973,93,10,1.53,RU,1698612468
305,cole harbour,44.6724,-63.4751,9.970000000000027,63,100,6.17,CA,1698612468
306,mount gambier,-37.8333,140.7667,10.810000000000002,94,78,3.83,AU,1698612468
307,le port,-20.9373,55.2919,25.0,91,23,1.66,RE,1698612468
308,coahuayana de hidalgo,18.7,-103.6583,30.04000000000002,69,97,2.99,MX,1698612469
309,chonchi,-42.6128,-73.8092,8.560000000000002,68,49,5.24,CL,1698612461
310,sao miguel do araguaia,-13.275,-50.1628,34.81,32,29,2.98,BR,1698612469
311,kenai,60.5544,-151.2583,5.050000000000011,78,100,10.29,US,1698612423
312,serra,-20.1286,-40.3078,26.700000000000045,74,0,8.23,BR,1698612342
313,el nido,11.1858,119.3956,28.27000000000004,75,81,5.52,PH,1698612469
314,praia da vitoria,38.7333,-27.0667,16.140000000000043,82,40,4.07,PT,1698612465
315,ribadesella,43.4614,-5.0596,13.300000000000011,86,95,2.99,ES,1698612470
316,nikolayevsk-on-amure,53.1406,140.73,-2.4699999999999704,90,15,1.1,RU,1698612470
317,bamyan,34.75,67.25,2.3600000000000136,70,9,1.49,AF,1698612470
318,baoro,5.6667,15.9667,21.27000000000004,90,76,0.68,CF,1698612470
319,thunder bay,48.4001,-89.3168,-0.009999999999990905,47,75,4.12,CA,1698612127
320,weno,7.4515,151.8468,27.970000000000027,83,100,4.63,FM,1698612470
321,mil'kovo,55.6078,37.7956,0.7300000000000182,92,100,3.17,RU,1698612435
322,yaren,-0.5472,166.916,28.27000000000004,71,86,3.01,NR,1698612471
323,lieksa,63.3167,30.0167,-3.6200000000000045,83,55,3.73,FI,1698612471
324,ryotsu-minato,38.0833,138.4333,14.160000000000025,82,84,3.43,JP,1698612471
325,martapura,-3.4167,114.85,25.05000000000001,100,36,0.0,ID,1698612471
326,kourou,5.1552,-52.6478,31.03000000000003,80,91,5.71,GF,1698612472
327,nova sintra,14.8667,-24.7167,23.08000000000004,67,81,3.91,CV,1698612432
328,osorno,-40.5667,-73.15,10.170000000000016,46,75,8.75,CL,1698612472
329,petropavlovsk-kamchatsky,53.0452,158.6483,3.0300000000000296,59,100,2.0,RU,1698612457
330,hithadhoo,-0.6,73.0833,26.970000000000027,82,99,6.92,MV,1698612431
331,badger,64.8,-147.5333,2.0600000000000023,78,20,2.06,US,1698612449
332,poronaysk,49.2167,143.1167,0.30000000000001137,70,48,1.0,RU,1698612473
333,weyburn,49.6668,-103.8511,-2.8799999999999955,74,100,6.17,CA,1698612330
334,puerto rico,-26.796,-55.024,26.150000000000034,90,8,2.03,AR,1698612069
335,changyon,38.2508,125.0961,11.700000000000045,93,89,1.82,KP,1698612473
336,al jawf,29.5,38.75,17.200000000000045,76,75,4.75,SA,1698612473
337,usinsk,65.9939,57.5281,-11.629999999999995,87,100,2.68,RU,1698612442
338,sao vicente,-23.9631,-46.3919,27.100000000000023,72,100,2.68,BR,1698612474
339,acajutla,13.5928,-89.8275,27.090000000000032,82,100,6.1,SV,1698612474
340,weihai,37.5017,122.1136,16.54000000000002,84,0,4.69,CN,1698612474
341,sanghar,26.0466,68.9481,26.53000000000003,35,2,2.51,PK,1698612475
342,egilsstadir,65.2653,-14.3948,0.9500000000000455,100,100,1.54,IS,1698612475
343,ipilan,8.8431,117.9033,26.920000000000016,83,23,4.02,PH,1698612475
344,jaunpiebalga,57.1833,26.05,-0.5600000000000023,95,100,5.09,LV,1698612475
345,bishkul,54.7803,69.1033,-1.1899999999999977,96,100,8.23,KZ,1698612475
346,cerro de ortega,18.75,-103.7667,30.650000000000034,63,92,3.46,MX,1698612475
347,williams lake,52.1415,-122.1445,3.920000000000016,47,40,3.09,CA,1698612476
348,villa angela,-27.5738,-60.7153,36.69,28,41,3.65,AR,1698612476
349,jinghong,21.991,100.7341,19.110000000000014,99,100,1.11,CN,1698612476
350,ad dawadimi,24.5077,44.3924,23.640000000000043,35,99,4.48,SA,1698612476
351,prado,-17.3411,-39.2208,24.79000000000002,76,57,6.46,BR,1698612476
352,toppenish,46.3774,-120.3087,9.29000000000002,27,2,1.85,US,1698612477
353,betio village,1.358,172.9211,30.02000000000004,72,100,3.95,KI,1698612477
354,mar del plata,-38.0023,-57.5575,17.010000000000048,49,0,7.72,AR,1698612477
355,miles city,46.4083,-105.8406,-2.4599999999999795,68,75,5.14,US,1698612477
356,abuja,9.0574,7.4898,26.08000000000004,60,100,0.08,NG,1698612301
357,holualoa,19.6228,-155.9522,26.970000000000027,75,20,3.6,US,1698612430
358,vuktyl,63.8567,57.3094,-7.159999999999968,70,100,4.47,RU,1698612478
359,papao,-17.75,-149.55,27.82000000000005,81,2,7.69,PF,1698612478
360,lebanon,36.2081,-86.2911,27.100000000000023,53,100,3.6,US,1698612478
361,sitka,57.0531,-135.33,7.939999999999998,66,0,1.54,US,1698612415
362,walvis bay,-22.9575,14.5053,14.710000000000036,84,0,2.87,NA,1698612478
363,jatiroto,-7.8833,111.1167,23.439999999999998,85,37,1.21,ID,1698612478
364,klyuchi,52.2667,79.1667,-0.7399999999999523,92,100,1.62,RU,1698612421
365,gijang,35.2442,129.2139,8.850000000000023,70,44,1.73,KR,1698612479
366,kidal,18.4411,1.4078,29.950000000000045,10,0,3.74,ML,1698612479
367,bilibino,68.0546,166.4372,-23.50999999999999,92,10,2.22,RU,1698612416
368,kodinsk,58.6881,99.1844,-6.419999999999959,79,48,1.31,RU,1698612479
369,argo,37.6333,22.7333,18.77000000000004,68,3,1.1,GR,1698612479
370,kurchatov,51.6601,35.6521,5.230000000000018,81,100,1.45,RU,1698612480
371,ongjin,37.9347,125.3619,13.490000000000009,88,75,1.84,KP,1698612480
372,trinidad,-14.8333,-64.9,32.99000000000001,49,75,7.72,BO,1698612464
373,portage la prairie,49.9728,-98.2926,-1.6099999999999568,50,22,4.02,CA,1698612480
374,sombrio,-29.1139,-49.6167,26.650000000000034,85,62,0.86,BR,1698612480
375,ayancik,41.9447,34.5861,19.360000000000014,77,100,1.9,TR,1698612481
376,fisterra,42.9049,-9.2629,12.79000000000002,71,100,8.1,ES,1698612481
377,tonekabon,36.8163,50.8738,20.970000000000027,77,40,2.7,IR,1698612481
378,ariquemes,-9.9133,-63.0408,36.10000000000002,34,77,2.55,BR,1698612481
379,nova vicosa,-17.8919,-39.3719,24.890000000000043,77,27,6.94,BR,1698612481
380,aasiaat,68.7098,-52.8699,-6.7099999999999795,81,100,0.82,GL,1698612431
381,kangding,30.0513,101.9603,6.060000000000002,52,6,2.01,CN,1698612482
382,tateyama,34.9833,139.8667,16.350000000000023,62,1,5.74,JP,1698612466
383,novyy urengoy,66.0833,76.6333,-12.279999999999973,90,17,1.66,RU,1698612354
384,warmbad,-28.45,18.7333,18.74000000000001,10,0,9.3,NA,1698612483
385,wajir,1.7471,40.0573,29.52000000000004,56,100,4.78,KE,1698612483
386,lorengau,-2.0226,147.2712,25.640000000000043,87,100,3.27,PG,1698612483
387,whitehorse,60.7161,-135.0538,-2.2099999999999795,93,100,6.17,CA,1698612428
388,alice springs,-23.7,133.8833,13.75,19,42,0.51,AU,1698612358
389,axim,4.8699,-2.2405,26.24000000000001,84,2,2.26,GH,1698612484
390,ghat,24.9647,10.1728,26.960000000000036,19,13,2.83,LY,1698612438
391,nanuque,-17.8392,-40.3539,26.760000000000048,55,2,8.08,BR,1698612484
392,andovoranto,-18.95,49.1,22.82000000000005,90,28,2.08,MG,1698612478
393,manta,-0.95,-80.7333,29.879999999999995,62,75,6.69,EC,1698612485
394,amelia,42.5523,12.4182,17.640000000000043,73,55,1.86,IT,1698612485
395,howard springs,-12.497,131.047,26.950000000000045,88,85,1.31,AU,1698612476
396,tokar,18.4254,37.729,29.910000000000025,71,9,4.63,SD,1698612485
397,guerrero negro,27.9769,-114.0611,24.189999999999998,50,0,5.98,MX,1698612446
398,dwarka,22.2394,68.9678,27.32000000000005,70,76,4.04,IN,1698612485
399,ranot,7.7777,100.3213,27.120000000000005,77,78,1.74,TH,1698612486
400,muroto-misakicho,33.2833,134.15,16.689999999999998,58,0,2.45,JP,1698612444
401,san sebastian de la gomera,28.0916,-17.1133,23.200000000000045,78,0,0.0,ES,1698612486
402,zouerate,22.7187,-12.4521,30.260000000000048,13,72,2.91,MR,1698612486
403,jatibonico,21.9419,-79.17,28.79000000000002,62,90,6.4,CU,1698612486
404,cannonvale,-20.2833,148.7,23.660000000000025,59,18,3.98,AU,1698612459
405,peace river,56.2501,-117.286,-1.829999999999984,80,100,3.09,CA,1698612487
406,namsos,64.4662,11.4957,-0.9699999999999704,93,88,1.54,NO,1698612487
407,moanda,-1.5575,13.2178,23.560000000000002,89,70,0.44,GA,1698612487
408,guiratinga,-16.3494,-53.7583,31.560000000000002,40,96,2.6,BR,1698612487
409,severo-yeniseyskiy,60.3725,93.0408,-15.239999999999952,99,93,1.34,RU,1698612488
410,pedra branca,-5.4542,-39.7172,29.140000000000043,29,43,1.92,BR,1698612488
411,taishan,22.2514,112.7799,22.439999999999998,92,100,1.73,CN,1698612488
412,teluk nibung,3.001,99.8164,23.77000000000004,95,99,2.09,ID,1698612488
413,korsakov,46.6328,142.7813,-4.089999999999975,67,14,1.51,RU,1698612488
414,oriximina,-1.7656,-55.8661,35.47000000000003,33,13,2.75,BR,1698612489
415,jinshi,29.6049,111.8701,17.82000000000005,75,0,1.44,CN,1698612489
416,westport,41.1415,-73.3579,11.990000000000009,90,100,4.12,US,1698612307
417,santa elena de uairen,4.6167,-61.1333,25.100000000000023,61,100,2.62,VE,1698612489
418,dunhua,43.3725,128.2425,4.980000000000018,71,29,2.49,CN,1698612489
419,rota,36.6224,-6.3586,19.07000000000005,77,100,4.63,ES,1698612490
420,cheney,47.4874,-117.5758,6.660000000000025,51,20,1.54,US,1698612371
421,dzilam gonzalez,21.2833,-88.9333,29.720000000000027,53,5,5.14,MX,1698612490
422,vyksa,55.3175,42.1744,-0.08999999999997499,89,100,4.66,RU,1698612491
423,la passe,45.5549,-0.8967,13.32000000000005,91,100,4.77,FR,1698612491
424,paradip garh,20.3167,86.6167,23.160000000000025,72,49,2.73,IN,1698612491
425,pauini,-7.7136,-66.9764,26.100000000000023,82,100,0.75,BR,1698612426
426,ibotirama,-12.1853,-43.2206,33.79000000000002,18,69,2.84,BR,1698612415
427,terbanggi besar,-4.8667,105.2333,22.879999999999995,84,84,2.17,ID,1698612492
428,tolanaro,-25.0319,46.9987,24.04000000000002,73,0,5.14,MG,1698612483
429,saint-jean-de-monts,46.7833,-2.0667,15.28000000000003,68,100,7.69,FR,1698612492
430,thurso,58.5927,-3.5259,8.140000000000043,75,65,8.52,GB,1698612331
431,shortandy,51.7006,70.9994,4.460000000000036,100,100,4.56,KZ,1698612492
432,flekkefjord,58.2971,6.6607,3.3000000000000114,84,100,11.71,NO,1698612492
433,flying fish cove,-10.4217,105.6791,24.82000000000005,88,75,4.12,CX,1698612493
434,sandakan,5.8402,118.1179,25.82000000000005,94,40,1.54,MY,1698612493
435,sungai penuh,-2.0833,101.3833,16.650000000000034,85,35,1.63,ID,1698612493
436,hasaki,35.7333,140.8333,10.220000000000027,66,0,7.68,JP,1698612493
437,alofi,-19.0595,-169.9187,19.939999999999998,100,75,6.69,NU,1698612493
438,zaozersk,69.4005,32.4476,-7.669999999999959,94,100,1.76,RU,1698612494
439,nurabad,34.0734,47.9725,11.220000000000027,33,79,0.76,IR,1698612494
440,moyynkum,44.2914,72.9469,16.100000000000023,54,100,1.54,KZ,1698612494
441,sarangani,5.4033,125.4636,27.670000000000016,72,54,1.5,PH,1698612494
442,ceeldheer,3.8488,47.1806,24.5,86,100,2.28,SO,1698612494
443,okahao,-17.885,15.0667,25.57000000000005,13,6,6.04,NA,1698612468
444,saldanha,-33.0117,17.9442,17.03000000000003,55,0,7.21,ZA,1698612453
445,heringen,50.888,10.0072,12.439999999999998,78,100,7.7,DE,1698612495
446,mataro,41.5421,2.4445,19.340000000000032,78,100,0.89,ES,1698612495
447,mermoz boabab,14.7065,-17.4758,27.879999999999995,83,0,3.09,SN,1698612495
448,eirunepe,-6.6603,-69.8736,25.80000000000001,83,100,1.25,BR,1698612495
449,port saint john's,-31.6229,29.5448,15.100000000000023,60,100,3.52,ZA,1698612496
450,valle de la pascua,9.2155,-66.0073,34.03000000000003,41,79,0.75,VE,1698612496
451,pizarro,4.9533,-77.366,27.230000000000018,75,76,1.51,CO,1698612277
452,tadine,-21.55,167.8833,21.700000000000045,57,17,5.14,NC,1698612478
453,telimele,10.9167,-13.3333,22.49000000000001,90,55,0.64,GN,1698612496
454,starokucherganovka,46.3248,47.9555,8.960000000000036,87,0,3.0,RU,1698612497
455,yulinshi,38.2906,109.7494,10.520000000000039,39,0,0.4,CN,1698612497
456,bucerias,20.75,-105.3333,30.55000000000001,70,75,5.14,MX,1698612241
457,karukh,34.4811,62.5863,17.390000000000043,36,2,3.06,AF,1698612497
458,ust'-kut,56.7938,105.7672,-7.529999999999973,84,96,1.79,RU,1698612462
459,pitiquito,30.7,-112.0833,28.24000000000001,22,0,4.03,MX,1698612498
460,sangkhla buri,15.1555,98.4536,22.400000000000034,96,82,0.67,TH,1698612498
461,south venice,27.0531,-82.4243,31.02000000000004,60,1,2.68,US,1698612498
462,akureyri,65.6835,-18.0878,-5.039999999999964,93,0,2.06,IS,1698612418
463,antsiranana,-12.2787,49.2917,24.840000000000032,78,19,7.29,MG,1698612445
464,puerto armuelles,8.2833,-82.8667,28.99000000000001,75,43,4.47,PA,1698612499
465,ancud,-41.8697,-73.8203,8.420000000000016,60,50,10.0,CL,1698612427
466,kargat,55.1956,80.2811,-6.8799999999999955,88,100,3.19,RU,1698612500
467,maroantsetra,-15.4333,49.7333,23.99000000000001,87,35,1.29,MG,1698612500
468,buka,40.8108,69.1986,19.08000000000004,36,37,1.31,UZ,1698612500
469,bengkulu,-3.8004,102.2655,22.629999999999995,91,100,0.74,ID,1698612500
470,stephenville,32.2207,-98.2023,5.520000000000039,93,100,6.69,US,1698612500
471,lata,40.1629,-8.3327,17.120000000000005,96,74,2.05,PT,1698612501
472,noosa heads,-26.3833,153.15,18.950000000000045,71,6,2.27,AU,1698612501
473,usogorsk,63.4106,48.6872,-3.519999999999982,83,100,2.69,RU,1698612501
474,suksun,57.1431,57.3949,-1.8899999999999864,93,100,6.96,RU,1698612501
475,atherton,53.5237,-2.4935,11.140000000000043,93,97,2.35,GB,1698612502
476,fort st. john,56.2499,-120.8529,-3.0600000000000023,74,100,1.54,CA,1698612502
477,mangatarem,15.7874,120.2921,24.25,86,30,2.18,PH,1698612502
478,kisangani,0.5167,25.2,24.57000000000005,74,80,0.97,CD,1698612502
479,harstad,68.799,16.5293,-0.46999999999997044,91,91,0.89,NO,1698612502
480,mariental,-24.6333,17.9667,21.189999999999998,14,7,8.13,NA,1698612503
481,padang,-0.9492,100.3543,25.03000000000003,89,100,1.43,ID,1698612281
482,hotan,37.0997,79.9269,13.810000000000002,20,89,1.43,CN,1698612503
483,banda aceh,5.5577,95.3222,25.79000000000002,83,94,1.38,ID,1698612420
484,strathalbyn,-35.2667,138.9,15.060000000000002,91,28,4.61,AU,1698612503
485,tatsinskiy,48.1968,41.2756,9.770000000000039,80,42,3.3,RU,1698612503
486,bafata,12.1667,-14.75,25.82000000000005,87,48,2.28,GW,1698612504
487,atoyac de alvarez,17.2,-100.4333,29.07000000000005,81,49,2.45,MX,1698612504
488,burutu,5.3509,5.5076,26.75,88,100,2.48,NG,1698612504
489,poltavka,54.3663,71.7632,-2.25,95,100,7.03,RU,1698612504
490,new norfolk,-42.7826,147.0587,14.720000000000027,68,98,4.24,AU,1698612505
491,cobourg,50.2667,10.9667,11.590000000000032,96,100,0.89,DE,1698612336
492,port moresby,-9.4431,147.1797,24.680000000000007,83,40,3.09,PG,1698612505
493,quang ngai,15.1167,108.8,24.120000000000005,92,97,1.89,VN,1698612463
494,waat,51.1454,6.4958,13.879999999999995,82,75,4.12,DE,1698612506
495,masaka,-0.3338,31.7341,17.640000000000043,89,21,1.68,UG,1698612506
496,anuradhapura,8.3565,80.4173,23.54000000000002,93,100,1.2,LK,1698612506
497,hlukhiv,51.6782,33.9162,5.260000000000048,83,91,1.94,UA,1698612506
498,artesia,33.8658,-118.0831,27.629999999999995,13,0,3.6,US,1698612506
499,undurkhaan,47.3194,110.6556,-2.0,60,26,2.22,MN,1698612478
500,bardai,11.65,7.2333,25.700000000000045,22,52,3.7,NG,1698612507
501,kashgar,39.4547,75.9797,13.560000000000002,33,0,3.0,CN,1698612507
502,egirdir,37.8746,30.8504,12.600000000000023,56,100,0.46,TR,1698612507
503,chinsali,-10.5414,32.0816,23.02000000000004,45,81,0.69,ZM,1698612507
504,saint-pierre,-21.3393,55.4781,24.82000000000005,78,100,1.54,RE,1698612431
505,vernon,50.2581,-119.2691,8.200000000000045,45,28,1.03,CA,1698612508
506,shubarshi,48.5872,57.1869,9.53000000000003,74,0,7.99,KZ,1698612508
507,palmer,42.1584,-72.3287,9.020000000000039,83,100,3.6,US,1698612508
508,remire-montjoly,4.9167,-52.2667,31.02000000000004,66,0,5.66,GF,1698612429
509,lompoc,34.6391,-120.4579,26.55000000000001,30,0,5.14,US,1698612442
510,muang khong,14.1167,105.85,22.27000000000004,97,100,0.77,LA,1698612509
511,praya,14.9215,-23.5087,26.30000000000001,69,75,4.12,CV,1698612509
512,mossel bay,-34.1831,22.146,11.960000000000036,60,0,10.49,ZA,1698612509
513,chebba,35.2372,11.115,24.32000000000005,80,100,6.16,TN,1698612510
514,valparaiso,-33.0393,-71.6273,17.220000000000027,83,100,4.12,CL,1698612428
515,balabac,7.9868,117.0645,27.58000000000004,80,32,4.26,PH,1698612510
516,grafenau,48.8577,13.3974,11.670000000000016,81,81,1.09,DE,1698612510
517,ketchikan,55.3422,-131.6461,5.990000000000009,93,100,2.57,US,1698612432
518,fort bragg,35.139,-79.006,29.08000000000004,48,0,5.14,US,1698612469
519,churapcha,62.0025,132.4325,-9.449999999999989,93,100,2.68,RU,1698612511
520,talnakh,69.4865,88.3972,-17.109999999999957,93,63,1.54,RU,1698612450
521,ambodifotatra,-16.9833,49.85,25.210000000000036,81,86,3.98,MG,1698612511
522,macapa,0.0389,-51.0664,32.99000000000001,49,20,6.17,BR,1698612392
523,bayganin,48.6947,55.8742,10.080000000000041,65,28,10.17,KZ,1698612512
524,khandyga,62.6667,135.6,-6.689999999999998,97,100,0.85,RU,1698612512
525,nadi,-17.8,177.4167,28.0,65,20,2.06,FJ,1698612512
526,glubokiy,48.5217,40.3258,9.430000000000007,84,11,3.67,RU,1698612512
527,kavieng,-2.5744,150.7967,26.170000000000016,86,100,6.39,PG,1698612512
528,nouadhibou,20.931,-17.0347,21.99000000000001,88,0,6.17,MR,1698612437
529,sao joao da barra,-21.6403,-41.0511,28.05000000000001,85,83,10.38,BR,1698612513
530,senanga,-16.1167,23.2667,21.590000000000032,69,88,1.18,ZM,1698612513
531,portland,45.5234,-122.6762,15.550000000000011,40,0,7.72,US,1698612318
532,charlottetown,46.2352,-63.1267,6.160000000000025,69,75,4.63,CA,1698612228
533,alaghsas,17.0187,8.0168,28.370000000000005,10,0,5.11,NE,1698612513
534,nosy varika,-20.5833,48.5333,24.100000000000023,83,91,4.29,MG,1698612514
535,vrangel',42.7297,133.0839,8.010000000000048,64,39,1.07,RU,1698612514
536,ghazni,33.5536,68.4269,10.650000000000034,34,0,1.3,AF,1698612514
537,colonia,50.9333,6.95,13.920000000000016,75,0,4.63,DE,1698612345
538,ulladulla,-35.35,150.4667,18.939999999999998,39,88,3.11,AU,1698612514
539,samana,19.2056,-69.3369,32.120000000000005,79,40,3.09,DO,1698612492
540,rongelap,11.1635,166.8941,28.680000000000007,70,95,8.65,MH,1698612440
541,santa cruz de tenerife,28.4682,-16.2546,25.400000000000034,87,20,1.54,ES,1698612515
542,kuala belait,4.5833,114.1833,25.090000000000032,87,100,2.06,BN,1698612515
543,mount pearl,47.5166,-52.7813,6.75,69,75,10.29,CA,1698612515
544,sarikei,2.1167,111.5167,22.83000000000004,99,100,0.43,MY,1698612516
545,san angelo,31.4638,-100.437,4.1200000000000045,92,100,8.23,US,1698612516
546,homa bay,-0.5273,34.4571,20.80000000000001,81,86,1.04,KE,1698612516
547,san rafael del sur,11.8485,-86.4384,28.54000000000002,92,100,1.86,NI,1698612517
548,chibougamau,49.9168,-74.3659,-0.20999999999997954,55,100,2.57,CA,1698612517
549,ulsteinvik,62.3432,5.8487,5.970000000000027,60,0,3.13,NO,1698612438
550,sao raimundo das mangabeiras,-7.0219,-45.4811,33.85000000000002,20,18,2.08,BR,1698612517
551,morant bay,17.8815,-76.4093,31.510000000000048,79,54,2.99,JM,1698612517
552,nyandoma,61.669,40.1991,-4.979999999999961,90,100,2.16,RU,1698612518
553,crane,31.3974,-102.3501,4.5400000000000205,82,100,8.94,US,1698612472
554,namibe,-15.1961,12.1522,20.220000000000027,84,16,0.93,AO,1698612442
555,villa gesell,-37.2639,-56.973,13.950000000000045,61,100,9.61,AR,1698612518
556,sangmelima,2.9333,11.9833,21.600000000000023,87,52,0.72,CM,1698612310
557,pemba,-12.974,40.5178,27.390000000000043,83,20,3.13,MZ,1698612518
558,barcelos,41.5388,-8.6151,15.470000000000027,85,58,6.4,PT,1698612519
559,sungailiat,-1.85,106.1333,26.920000000000016,76,41,1.77,ID,1698612519
560,ijevan,40.8783,45.1492,17.260000000000048,56,100,1.59,AM,1698612519
561,maun,-19.9833,23.4167,28.980000000000018,30,0,1.54,BW,1698612451
562,pangody,65.85,74.4859,-14.419999999999959,95,18,1.5,RU,1698612491
563,terebovlya,49.3019,25.71,11.700000000000045,69,96,4.12,UA,1698612520
564,mogadishu,2.0371,45.3438,26.460000000000036,81,100,3.2,SO,1698612501
565,abalak,58.1286,68.5944,-4.25,70,100,4.93,RU,1698612520
566,ascension,30.2169,-90.9001,31.140000000000043,52,75,4.12,US,1698612520
567,fada,9.5667,8.3,23.52000000000004,61,83,1.35,NG,1698612520
568,roma,43.2128,-75.4557,8.100000000000023,94,100,1.54,US,1698612439
569,port victoria,0.0939,33.9756,20.910000000000025,85,100,3.08,KE,1698612521
570,candido de abreu,-24.5669,-51.3333,22.720000000000027,95,100,2.26,BR,1698612521
571,posse,-14.0931,-46.3694,32.59000000000003,24,60,1.17,BR,1698612521
572,christchurch,-43.5333,172.6333,14.670000000000016,73,75,9.26,NZ,1698612303
573,al hufuf,25.3646,49.5653,25.189999999999998,61,0,0.0,SA,1698612522
574,winnemucca,40.973,-117.7357,7.03000000000003,23,0,3.09,US,1698612522
575,greenville,35.6127,-77.3663,28.410000000000025,52,0,3.6,US,1698612522
576,narasannapeta,18.4167,84.05,21.860000000000014,76,5,2.5,IN,1698612522
577,shiprock,36.7855,-108.687,13.189999999999998,20,0,9.93,US,1698612522
578,mili,6.0815,171.735,28.350000000000023,79,73,6.42,MH,1698612470
579,kesinga,20.2,83.2333,18.470000000000027,77,0,0.67,IN,1698612523
580,poyarkovo,49.6,128.6833,2.8600000000000136,60,100,1.35,RU,1698612523
581,suva,-18.1416,178.4415,24.710000000000036,94,75,1.03,FJ,1698612220
582,dori,14.0354,-0.0345,32.23000000000002,16,7,2.88,BF,1698612296
583,fale old settlement,-9.3852,-171.2468,28.879999999999995,69,100,5.24,TK,1698612418
584,sinabang,2.4803,96.3801,25.420000000000016,84,100,1.21,ID,1698612524
